uuid,code,contactName,quarter,price
37fe7890-c242-11f1-be3e-159bbaa58dfa,4251463,Жанна,,53725
0a8b2fc0-c242-11f1-be3e-159bbaa58dfa,4251462,Жанна,,53725
b0a74110-c241-11f1-adf4-739d039bb084,4251458,Жанна,,53725
e3da8340-c240-11f1-be3e-159bbaa58dfa,4251448,Ирина,,50665
bfffb310-c23f-11f1-8601-c18b4014f71a,4251437,Ирина,,48353
3ac85d10-c239-11f1-be3e-159bbaa58dfa,4251384,Ирина,,50665
f120b910-c228-11f1-be3e-159bbaa58dfa,4251203,Жанна,,120488
9ae279d0-c228-11f1-adf4-739d039bb084,4251202,Жанна,,117612
4cce39a0-c228-11f1-be3e-159bbaa58dfa,4251201,Жанна,,120285
f2cdc240-c227-11f1-adf4-739d039bb084,4251199,Жанна,,117018
a14cbcf0-c227-11f1-adf4-739d039bb084,4251197,Жанна,,119678
40a2cc00-c227-11f1-be3e-159bbaa58dfa,4251195,Жанна,,116424
e9bc17c0-c226-11f1-8601-c18b4014f71a,4251194,Жанна,,76224
cffd0480-c225-11f1-8601-c18b4014f71a,4251183,Жанна,,75991
7b47d640-c225-11f1-be3e-159bbaa58dfa,4251180,Жанна,,75991
1b030fc0-c225-11f1-8601-c18b4014f71a,4251174,Жанна,,75524
c0804900-c224-11f1-8601-c18b4014f71a,4251172,Жанна,,59830
982cb960-c20c-11f1-8601-c18b4014f71a,4251083,Ирина,,52531
73d793a0-c20c-11f1-be3e-159bbaa58dfa,4251082,Ирина,,59913
41a58a40-c20c-11f1-adf4-739d039bb084,4251081,Ирина,,56297
b51beaa0-c1d0-11f1-be3e-159bbaa58dfa,4251045,Ирина,,111003
f6427ea0-c1cf-11f1-be3e-159bbaa58dfa,4251043,Ирина,,94470
8be679f0-c1cd-11f1-adf4-739d039bb084,4251040,Ирина,София,75605
4ebd47c0-c1cd-11f1-8601-c18b4014f71a,4251039,Ирина,София,101790
e117ab70-c1cc-11f1-be3e-159bbaa58dfa,4251038,Ирина,София,111132
db9972d0-c1c9-11f1-be3e-159bbaa58dfa,4251029,Ирина,София,129996
a65e9640-c1c9-11f1-adf4-739d039bb084,4251028,Ирина,София,139932
7ab02ef0-c1c9-11f1-8601-c18b4014f71a,4251027,Ирина,София,128961
3c5ea960-c1c9-11f1-adf4-739d039bb084,4251026,Ирина,София,139932
4615cd90-c1c8-11f1-adf4-739d039bb084,4251025,Ирина,София,130617
e0b29a50-c1c7-11f1-be3e-159bbaa58dfa,4251024,Ирина,София,130410
858a1db0-c1c7-11f1-8601-c18b4014f71a,4251023,Ирина,София,139104
