uuid,code,contactName,quarter,views_delta,price_old,price_new,promo_old,promo_new
30910ea0-847c-11f1-b337-6129be2a4475,4186618,Анастасия,,26461,,,,
ac07a060-7c68-11f1-979c-a5f5fd8ba07b,4177770,Екатерина,,16319,,,,
29e4c1b0-8115-11f1-8f66-a1c7c2af34eb,4183122,Александр,,4599,,,,
6f8ea830-7c64-11f1-8820-15c0e8230b3c,4177722,Рената,Каспиан,2976,,,,
e3c82d30-5436-11f1-b0a3-2f17fb7a12d3,4129488,Дмитрий,,2793,,,,
cfe6b880-9ea6-11f1-b87f-d72a75202437,4214201,Елена,,2414,,,,
048febd0-82ad-11f1-aa05-b7e2dae94fba,4184872,Светлана,,1759,,,,
d40e4430-7b9e-11f1-b79a-1107f7b3e483,4176805,Юлия,,879,,,,
2f437570-847b-11f1-adf2-c1ceea91b724,4186612,Анастасия,,764,,,,
6a441c10-7b98-11f1-8820-15c0e8230b3c,4176701,Светлана,,757,,,,
c7659460-63f0-11f1-9ae5-d964c5b7109a,4148555,Виктория,,712,,,,
8925a760-acf4-11f1-81ac-5b2d3dd78691,4230015,Юлия,,686,,,,
5bcaec80-ac2c-11f1-8ac4-ef875c0b0337,4229113,Дмитрий Спиридонов,Медитерранеан,611,,,,
2403e190-8110-11f1-8f66-a1c7c2af34eb,4183074,Александр,,498,,,,
c5e3e820-8115-11f1-aa05-b7e2dae94fba,4183126,Александр,,484,,,,
9fbf3e10-810b-11f1-aa05-b7e2dae94fba,4183013,Александр,,434,,,,
4d8e6c10-7d6e-11f1-979c-a5f5fd8ba07b,4178737,Вероника,,309,,,,
6641e020-a168-11f1-b4e5-794028d07c8e,4217533,Анна,Медитерранеан,280,,,,
6c934290-82f3-11f1-9780-e106263b8a38,4185077,Анастасия,Каспиан,239,,,,
04545300-a165-11f1-8990-6bc134735f82,4217512,Анна,Медитерранеан,180,,,,
11b19680-a08d-11f1-aaf2-3b3f3469305e,4216421,Рената,Каспиан,150,,,,
3a6c60f0-bd84-11f1-8601-c18b4014f71a,4246609,Елена,,139,,,,
c4891070-a13d-11f1-8591-4f03dac5204f,4217172,Анна,,128,,,,
76a55f90-a2d1-11f1-81ac-5b2d3dd78691,4219100,Татьяна,,123,,,,
4b8380b0-a1e8-11f1-9c1a-db8dd9ac123b,4217856,Анна,Медитерранеан,96,,,,
48fca2d0-ab6c-11f1-8ac4-ef875c0b0337,4228184,Дмитрий Спиридонов,Парков,77,,,,
d6e89f80-7d6e-11f1-8820-15c0e8230b3c,4178743,Вероника,,69,,,,
990243e0-8108-11f1-9780-e106263b8a38,4182980,Александр,,59,,,,
e3d0e9f0-7d6e-11f1-979c-a5f5fd8ba07b,4178744,Вероника,,54,,,,
b6b03230-a142-11f1-8990-6bc134735f82,4217215,Татьяна,,53,,,,
41650200-8296-11f1-9780-e106263b8a38,4184746,Светлана,,52,,,,
34e55a00-810d-11f1-8f66-a1c7c2af34eb,4183040,Александр,,45,,,,
c382fc30-c399-11f1-8601-c18b4014f71a,4252913,Ирина,Штадт,44,,,,
bebeb6d0-5f53-11f1-9ae5-d964c5b7109a,4142923,Анна,,41,,,,
9c2fca30-8115-11f1-aa05-b7e2dae94fba,4183125,Александр,,38,,,,
51a99bf0-a094-11f1-aaf2-3b3f3469305e,4216496,Рената,Каспиан,34,,,,
ef4c5df0-7d6e-11f1-8820-15c0e8230b3c,4178745,Вероника,,34,,,,
8be679f0-c1cd-11f1-adf4-739d039bb084,4251040,Ирина,София,32,,,,
349d2d60-c3bc-11f1-8601-c18b4014f71a,4253073,Жанна,,27,,,,
839c2660-bd53-11f1-be3e-159bbaa58dfa,4246315,Ирина,,27,,,,
eae95420-ba86-11f1-8434-6fe1437f6a99,4243469,Анна,Каспиан,27,,,,
e1765980-828f-11f1-9780-e106263b8a38,4184722,Светлана,,21,,,,
cc4571a0-75f0-11f1-a466-0d7e4b3e2baa,4170348,Жанна,,21,,,,
f4644e50-c478-11f1-be3e-159bbaa58dfa,4253770,Ирина,Каспиан,19,,,,
efcbe6d0-a210-11f1-81ac-5b2d3dd78691,4218182,Татьяна,Штадт,18,,,,
d4749160-a090-11f1-b87f-d72a75202437,4216462,Рената,Каспиан,18,,,,
57390ca0-be25-11f1-be3e-159bbaa58dfa,4247223,Елена,,17,,,,
8c0fa960-7b9b-11f1-8820-15c0e8230b3c,4176748,Юлия,,16,,,,
c4bf21b0-c3c5-11f1-8601-c18b4014f71a,4253167,Елена,,15,,,,
03ea8170-a2d5-11f1-81ac-5b2d3dd78691,4219126,Татьяна,,15,,,,
c0804900-c224-11f1-8601-c18b4014f71a,4251172,Жанна,,14,,,,
2956f6b0-a7cf-11f1-81ac-5b2d3dd78691,4224549,Вероника,,14,,,,
9e4579c0-8294-11f1-8f66-a1c7c2af34eb,4184739,Светлана,,14,,,,
b4f1af50-ab74-11f1-81ac-5b2d3dd78691,4228294,Александр,,13,,,,
f2c57f30-a149-11f1-b4e5-794028d07c8e,4217271,Татьяна,,12,,,,
26717a80-c48d-11f1-adf4-739d039bb084,4253875,Жанна,,10,,,,
1ddd2fa0-c487-11f1-adf4-739d039bb084,4253841,Жанна,,10,,,,
098831d0-c149-11f1-adf4-739d039bb084,4250106,Ирина,,10,,,,
43fc0bf0-b5ac-11f1-aa18-ff8e935c8c52,4238671,Ирина,,10,,,,
57e1ee60-ab6f-11f1-9c1a-db8dd9ac123b,4228236,Александр,,10,,,,
3c070150-7b9d-11f1-8820-15c0e8230b3c,4176777,Юлия,,10,,,,
db9972d0-c1c9-11f1-be3e-159bbaa58dfa,4251029,Ирина,София,9,,,,
018a8920-c49a-11f1-8601-c18b4014f71a,4253925,Ирина,Парков,8,,,,
f83b7f60-bf25-11f1-8601-c18b4014f71a,4248284,Ирина,,8,,,,
8f0fbe00-acf3-11f1-81ac-5b2d3dd78691,4230002,Юлия,,8,,,,
3a0f3230-ab6f-11f1-9c1a-db8dd9ac123b,4228233,Александр,,8,,,,
9bdf4bd0-9fb7-11f1-aaf2-3b3f3469305e,4215334,Рената,Каспиан,8,,,,
113d05b0-94fb-11f1-954d-23ed0b06d759,4203438,Анастасия,,8,,,,
a9c95f90-89a2-11f1-9e06-4dda8b151f60,4191451,Рената,Каспиан,8,,,,
a9dcf2e0-7b91-11f1-979c-a5f5fd8ba07b,4176604,Светлана,,8,,,,
0b46d810-c486-11f1-adf4-739d039bb084,4253838,Жанна,,7,,,,
76444de0-c47d-11f1-adf4-739d039bb084,4253800,Жанна,,7,,,,
87df8a50-c483-11f1-be3e-159bbaa58dfa,4253827,Жанна,,6,,,,
45427ca0-b783-11f1-8a0c-e10022ff4b7c,4240934,Анна,,6,,,,
a253d8a0-7b9a-11f1-b79a-1107f7b3e483,4176731,Юлия,,6,,,,
a14cbcf0-c227-11f1-adf4-739d039bb084,4251197,Жанна,,5,,,,
6064fc90-bccb-11f1-a9d4-59cc041b08c8,4245918,Елена,,5,,,,
830b24b0-b7e7-11f1-86dd-674e443b851c,4241104,Елена,,5,,,,
a26c31c0-b7d6-11f1-a9d4-59cc041b08c8,4241058,Ирина,,5,,,,
bf451b00-a9e8-11f1-9c1a-db8dd9ac123b,4226441,Елена,,5,,,,
5ac98470-a77e-11f1-8ac4-ef875c0b0337,4223986,Дмитрий Спиридонов,Штадт,5,,,,
f0acdf70-9192-11f1-aaf2-3b3f3469305e,4200112,Дмитрий Спиридонов,Медитерранеан,5,,,,
f3ae4c70-8609-11f1-bb03-e160b852bcdb,4188336,Анастасия,,5,,,,
86ff2860-6e3f-11f1-9780-3fb3a7434153,4160590,Эдуард,,5,,,,
bc8e5210-5e7e-11f1-9d45-8b63f0dfcc9f,4141601,Юлия,,5,,,,
77102460-c4b4-11f1-8601-c18b4014f71a,4254085,Ирина,Парков,4,,,,
f5fbaab0-c3c9-11f1-8601-c18b4014f71a,4253233,Елена,,4,,,,
c3aa1d50-c3c7-11f1-be3e-159bbaa58dfa,4253200,Жанна,,4,,,,
8a76ceb0-c15c-11f1-be3e-159bbaa58dfa,4250217,Жанна,,4,,,,
ff6ee100-bd86-11f1-be3e-159bbaa58dfa,4246640,Елена,,4,,,,
9c03dba0-bd83-11f1-8601-c18b4014f71a,4246603,Елена,,4,,,,
c5de88b0-bca4-11f1-8434-6fe1437f6a99,4245613,Жанна,,4,,,,
a1b5c4f0-b7d4-11f1-86dd-674e443b851c,4241051,Ирина,,4,,,,
03ec4d00-b1b9-11f1-9a81-f524b79d226b,4234920,Александр,,4,,,,
8daae190-ad19-11f1-8ac4-ef875c0b0337,4230335,Дмитрий Спиридонов,,4,,,,
199eb520-ab79-11f1-8ac4-ef875c0b0337,4228345,Дмитрий Спиридонов,Штадт,4,,,,
427993c0-9193-11f1-9f7d-39cbe578fc7f,4200115,Дмитрий Спиридонов,Медитерранеан,4,,,,
6f1aa500-917e-11f1-aaf2-3b3f3469305e,4199921,Анастасия,,4,,,,
e2c150e0-9105-11f1-bb03-e160b852bcdb,4199515,Анастасия,,4,,,,
37d68190-82f1-11f1-aa05-b7e2dae94fba,4185072,Анастасия,Каспиан,4,,,,
aedfd540-c4b7-11f1-be3e-159bbaa58dfa,4254100,Ирина,,3,,,,
5697e980-c49a-11f1-8601-c18b4014f71a,4253928,Ирина,София,3,,,,
ea35ee90-c48a-11f1-8601-c18b4014f71a,4253856,Жанна,,3,,,,
f8017140-c483-11f1-8601-c18b4014f71a,4253831,Жанна,,3,,,,
ba5a3240-c47f-11f1-adf4-739d039bb084,4253807,Ирина,Штадт,3,,,,
e2176990-c47c-11f1-be3e-159bbaa58dfa,4253797,Жанна,,3,,,,
10ebdaf0-c47b-11f1-be3e-159bbaa58dfa,4253785,Жанна,,3,,,,
ddc8ddf0-c3e2-11f1-adf4-739d039bb084,4253412,Ирина,,3,,,,
95a760b0-c251-11f1-be3e-159bbaa58dfa,4251637,Жанна,,3,,,,
858a1db0-c1c7-11f1-8601-c18b4014f71a,4251023,Ирина,София,3,,,,
368af010-c0fd-11f1-be3e-159bbaa58dfa,4250000,Ирина,София,3,,,,
0cdaaf60-b80d-11f1-a9d4-59cc041b08c8,4241365,Ирина,,3,,,,
b82de6d0-b762-11f1-aa18-ff8e935c8c52,4240779,Жанна,,3,,,,
38345920-b71f-11f1-8a0c-e10022ff4b7c,4240246,Жанна,,3,,,,
00d72200-b35f-11f1-aa18-ff8e935c8c52,4236868,Дмитрий Спиридонов,Медитерранеан,3,,,,
e28fab50-ad19-11f1-9c1a-db8dd9ac123b,4230337,Дмитрий Спиридонов,,3,,,,
9b3044b0-a79a-11f1-81ac-5b2d3dd78691,4224267,Дмитрий Спиридонов,Медитерранеан,3,,,,
4dadcc20-8a6d-11f1-9e06-4dda8b151f60,4192445,Анастасия,,3,,,,
6bf90be0-8608-11f1-bb03-e160b852bcdb,4188327,Анастасия,,3,,,,
10356090-82ae-11f1-8f66-a1c7c2af34eb,4184878,Светлана,,3,,,,
d2028b20-7b9d-11f1-b79a-1107f7b3e483,4176786,Юлия,,3,,,,
73cda3c0-7b9b-11f1-979c-a5f5fd8ba07b,4176746,Юлия,,3,,,,
e45e95a0-7b9a-11f1-8820-15c0e8230b3c,4176737,Юлия,,3,,,,
96ba6360-6e07-11f1-82b6-7969fefbc065,4160019,Оксана,,3,,,,
5f250cd0-c4be-11f1-8601-c18b4014f71a,4254130,Ирина Васильевна,София,2,,,,
9450a6f0-c499-11f1-8601-c18b4014f71a,4253922,Ирина,Штадт,2,,,,
133df560-c488-11f1-adf4-739d039bb084,4253847,Жанна,,2,,,,
39cc13e0-c3c7-11f1-be3e-159bbaa58dfa,4253191,Елена,,2,,,,
cf91a720-c3a7-11f1-adf4-739d039bb084,4252949,Ирина,,2,,,,
da18f820-c39c-11f1-8601-c18b4014f71a,4252919,Ирина,София,2,,,,
83cbddc0-c289-11f1-be3e-159bbaa58dfa,4251954,Ирина,София,2,,,,
426947a0-c289-11f1-be3e-159bbaa58dfa,4251953,Ирина,София,2,,,,
47f4c780-c25c-11f1-8601-c18b4014f71a,4251735,Ирина,,2,,,,
f2cdc240-c227-11f1-adf4-739d039bb084,4251199,Жанна,,2,,,,
b51beaa0-c1d0-11f1-be3e-159bbaa58dfa,4251045,Ирина,,2,,,,
b52c0f50-c164-11f1-8601-c18b4014f71a,4250295,Жанна,,2,,,,
a16b2c60-c161-11f1-8601-c18b4014f71a,4250269,Анна,София,2,,,,
1c81c4c0-c15a-11f1-adf4-739d039bb084,4250183,Жанна,,2,,,,
d1d5f960-c158-11f1-be3e-159bbaa58dfa,4250173,Жанна,,2,,,,
b4703760-bf09-11f1-adf4-739d039bb084,4248149,Елена,,2,,,,
7aa6f0e0-bccb-11f1-86dd-674e443b851c,4245920,Ирина,Медитерранеан,2,,,,
b3672470-bc9b-11f1-8434-6fe1437f6a99,4245534,Елена,,2,,,,
269e2680-bc8f-11f1-8434-6fe1437f6a99,4245490,Ирина,Медитерранеан,2,,,,
160f0610-bc8d-11f1-8434-6fe1437f6a99,4245480,Ирина,,2,,,,
4bfb6980-bbf7-11f1-a9d4-59cc041b08c8,4244953,Жанна,,2,,,,
e55132f0-bbd8-11f1-86dd-674e443b851c,4244726,Елена,,2,,,,
cc8a8ff0-ba57-11f1-a9d4-59cc041b08c8,4243265,Ирина,Штадт,2,,,,
99f9c900-b98c-11f1-a9d4-59cc041b08c8,4242769,Ирина,,2,,,,
fc463e30-b74e-11f1-aa18-ff8e935c8c52,4240639,Жанна,,2,,,,
a292b9b0-b71f-11f1-aa18-ff8e935c8c52,4240249,Жанна,,2,,,,
c1a18fb0-b66c-11f1-8a0c-e10022ff4b7c,4239544,Жанна,,2,,,,
d90f89a0-b602-11f1-93e0-6d2d12349d12,4239268,Ирина,,2,,,,
6cf11ea0-b5b7-11f1-8a0c-e10022ff4b7c,4238776,Жанна,,2,,,,
ea3959b0-b362-11f1-aa18-ff8e935c8c52,4236924,Елена,,2,,,,
c6364860-b35e-11f1-aa18-ff8e935c8c52,4236864,Елена,,2,,,,
d05c3a40-b1b8-11f1-9a81-f524b79d226b,4234915,Александр,,2,,,,
cf172e90-b1a1-11f1-9a81-f524b79d226b,4234659,Елена,,2,,,,
d785a630-b0dc-11f1-93e0-6d2d12349d12,4233661,Елена,,2,,,,
a8c15e50-b016-11f1-aa18-ff8e935c8c52,4232737,Елена Борискина,София,2,,,,
4a664730-aab7-11f1-9c1a-db8dd9ac123b,4227311,Юлия,Парков,2,,,,
36715490-aab7-11f1-81ac-5b2d3dd78691,4227308,Дмитрий Спиридонов,София,2,,,,
13fe64b0-aaa9-11f1-9c1a-db8dd9ac123b,4227141,Дмитрий Спиридонов,София,2,,,,
d1184360-a859-11f1-8ac4-ef875c0b0337,4225161,Ирина Васильевна,,2,,,,
09fdb4a0-a79a-11f1-8ac4-ef875c0b0337,4224257,Дмитрий Спиридонов,Медитерранеан,2,,,,
07f5c060-a77e-11f1-81ac-5b2d3dd78691,4223980,Дмитрий Спиридонов,Штадт,2,,,,
3a9e12a0-a6b7-11f1-a95a-63402701d4c9,4222968,Дмитрий Спиридонов,,2,,,,
8f1c6430-a5cc-11f1-a95a-63402701d4c9,4221684,Вероника,,2,,,,
cd771bc0-9afb-11f1-aaf2-3b3f3469305e,4210216,Мария,,2,,,,
d063c560-97cf-11f1-954d-23ed0b06d759,4206916,Елена,,2,,,,
6c9006e0-919c-11f1-9f7d-39cbe578fc7f,4200174,Дмитрий Спиридонов,Каспиан,2,,,,
eeebdd50-90c8-11f1-9e06-4dda8b151f60,4199243,Дмитрий Спиридонов,Каспиан,2,,,,
879ce470-8b8a-11f1-86e8-8f5431bc91bb,4193662,Вероника,,2,,,,
864e4ff0-8b80-11f1-bb03-e160b852bcdb,4193630,Анастасия,,2,,,,
2d390fb0-8a7f-11f1-9e06-4dda8b151f60,4192566,Анастасия,,2,,,,
b092ab30-8a68-11f1-86e8-8f5431bc91bb,4192408,Анастасия,,2,,,,
c5873ab0-7b9a-11f1-8820-15c0e8230b3c,4176734,Юлия,,2,,,,
c0d86f30-7b17-11f1-979c-a5f5fd8ba07b,4176135,Вероника,,2,,,,
db319160-6594-11f1-82b6-7969fefbc065,4150776,Марина,,2,,,,
43d73220-c48f-11f1-8601-c18b4014f71a,4253887,Жанна,,1,,,,
f7105980-c48e-11f1-be3e-159bbaa58dfa,4253886,Жанна,,1,,,,
5aa551e0-c48e-11f1-8601-c18b4014f71a,4253882,Жанна,,1,,,,
11df19f0-c48e-11f1-8601-c18b4014f71a,4253879,Жанна,,1,,,,
764a2700-c48d-11f1-adf4-739d039bb084,4253876,Жанна,,1,,,,
bfd85190-c487-11f1-be3e-159bbaa58dfa,4253843,Жанна,,1,,,,
da16cad0-c484-11f1-8601-c18b4014f71a,4253835,Жанна,,1,,,,
eff290c0-c482-11f1-8601-c18b4014f71a,4253821,Жанна,,1,,,,
a37cbe50-c482-11f1-8601-c18b4014f71a,4253818,Жанна,,1,,,,
7c153a60-c480-11f1-be3e-159bbaa58dfa,4253808,Ирина,Штадт,1,,,,
2a2c52e0-c47d-11f1-8601-c18b4014f71a,4253798,Жанна,,1,,,,
937c6d30-c47c-11f1-be3e-159bbaa58dfa,4253796,Жанна,,1,,,,
bdbedde0-c47b-11f1-adf4-739d039bb084,4253790,Жанна,,1,,,,
6e53e750-c47b-11f1-adf4-739d039bb084,4253789,Жанна,,1,,,,
176a6960-c47a-11f1-8601-c18b4014f71a,4253775,Ирина,,1,,,,
d5dc2f60-c479-11f1-adf4-739d039bb084,4253774,Ирина,,1,,,,
a03ab1c0-c3c9-11f1-8601-c18b4014f71a,4253224,Елена,,1,,,,
0c723490-c3c9-11f1-be3e-159bbaa58dfa,4253218,Екатерина,,1,,,,
f671fe10-c3c7-11f1-8601-c18b4014f71a,4253206,Елена,,1,,,,
455e0800-c3c5-11f1-adf4-739d039bb084,4253161,Елена,,1,,,,
1a182680-c3c5-11f1-8601-c18b4014f71a,4253157,Жанна,,1,,,,
68434b10-c3ba-11f1-8601-c18b4014f71a,4253059,Жанна,,1,,,,
4d3dd520-c3b9-11f1-8601-c18b4014f71a,4253049,Жанна,,1,,,,
57dfe170-c3ab-11f1-8601-c18b4014f71a,4252958,Жанна,,1,,,,
c71b8450-c32d-11f1-adf4-739d039bb084,4252642,Дарья,,1,,,,
0f820580-c32d-11f1-be3e-159bbaa58dfa,4252640,Дарья,,1,,,,
caf03d60-c309-11f1-be3e-159bbaa58dfa,4252347,Жанна,,1,,,,
c70bb760-c2e1-11f1-adf4-739d039bb084,4252056,Елена,,1,,,,
875736f0-c253-11f1-be3e-159bbaa58dfa,4251658,Жанна,,1,,,,
33fafe70-c252-11f1-8601-c18b4014f71a,4251645,Елена,,1,,,,
cec671c0-c250-11f1-be3e-159bbaa58dfa,4251632,Жанна,,1,,,,
15794f80-c250-11f1-be3e-159bbaa58dfa,4251623,Жанна,,1,,,,
37fe7890-c242-11f1-be3e-159bbaa58dfa,4251463,Жанна,,1,,,,
b0a74110-c241-11f1-adf4-739d039bb084,4251458,Жанна,,1,,,,
f120b910-c228-11f1-be3e-159bbaa58dfa,4251203,Жанна,,1,,,,
9ae279d0-c228-11f1-adf4-739d039bb084,4251202,Жанна,,1,,,,
40a2cc00-c227-11f1-be3e-159bbaa58dfa,4251195,Жанна,,1,,,,
37e8a150-c16b-11f1-8601-c18b4014f71a,4250361,Жанна,,1,,,,
81a19eb0-c160-11f1-adf4-739d039bb084,4250252,Жанна,,1,,,,
0dcb8960-c160-11f1-adf4-739d039bb084,4250240,Жанна,,1,,,,
ec69aca0-c157-11f1-be3e-159bbaa58dfa,4250164,Жанна,,1,,,,
c01151b0-c0ff-11f1-adf4-739d039bb084,4250010,Ирина,София,1,,,,
aeab7790-c0c1-11f1-adf4-739d039bb084,4249718,Ирина,Штадт,1,,,,
102a0820-c076-11f1-8601-c18b4014f71a,4249092,Ирина,,1,,,,
a32c92b0-c075-11f1-8601-c18b4014f71a,4249090,Ирина,,1,,,,
035adeb0-bfec-11f1-be3e-159bbaa58dfa,4248782,Ирина,,1,,,,
abe91dc0-bfc5-11f1-8601-c18b4014f71a,4248654,Елена,,1,,,,
aa969810-beff-11f1-8601-c18b4014f71a,4248092,Ирина,,1,,,,
df166450-bd86-11f1-adf4-739d039bb084,4246637,Елена,,1,,,,
596ae530-bd7f-11f1-adf4-739d039bb084,4246566,Светлана,,1,,,,
aa0b9210-bd7e-11f1-be3e-159bbaa58dfa,4246560,Жанна,,1,,,,
513b3640-bd7e-11f1-be3e-159bbaa58dfa,4246559,Жанна,,1,,,,
c0928af0-bd62-11f1-adf4-739d039bb084,4246350,Елена,,1,,,,
95172650-bcb9-11f1-86dd-674e443b851c,4245796,Елена,,1,,,,
d0762b60-bcaf-11f1-86dd-674e443b851c,4245724,Елена,,1,,,,
29534de0-bcaf-11f1-a9d4-59cc041b08c8,4245721,Елена,,1,,,,
8ffb9630-bcad-11f1-86dd-674e443b851c,4245700,Елена,,1,,,,
8870eff0-bca3-11f1-86dd-674e443b851c,4245601,Елена,,1,,,,
c07e1bd0-bca2-11f1-86dd-674e443b851c,4245594,Елена,,1,,,,
a5510430-bca2-11f1-86dd-674e443b851c,4245593,Елена,,1,,,,
90ec38c0-bca2-11f1-8434-6fe1437f6a99,4245591,Елена,,1,,,,
5e7d3fb0-bc9d-11f1-a9d4-59cc041b08c8,4245541,Жанна,,1,,,,
9e1d69c0-bbf7-11f1-8434-6fe1437f6a99,4244959,Жанна,,1,,,,
1a15a0d0-bbf6-11f1-86dd-674e443b851c,4244944,Жанна,,1,,,,
a8b7bed0-bbf2-11f1-86dd-674e443b851c,4244923,Жанна,,1,,,,
9c000c30-bbf0-11f1-a9d4-59cc041b08c8,4244902,Марина,,1,,,,
07fd3c90-bbd9-11f1-8434-6fe1437f6a99,4244728,Елена,,1,,,,
1366e830-bbd7-11f1-8434-6fe1437f6a99,4244709,Елена,,1,,,,
d59da570-bbd6-11f1-86dd-674e443b851c,4244707,Елена,,1,,,,
308dc880-bb1d-11f1-86dd-674e443b851c,4243967,Ирина,,1,,,,
4ad19530-baa7-11f1-86dd-674e443b851c,4243677,Анна,Каспиан,1,,,,
522bf060-ba74-11f1-8434-6fe1437f6a99,4243399,Елена,,1,,,,
c271bca0-b9bc-11f1-86dd-674e443b851c,4242971,Анна,Каспиан,1,,,,
32cf10c0-b80e-11f1-a9d4-59cc041b08c8,4241378,Анастасия,,1,,,,
a17fe2b0-b7e6-11f1-8434-6fe1437f6a99,4241099,Жанна,,1,,,,
2d4cc5d0-b7d1-11f1-a9d4-59cc041b08c8,4241040,Ирина,София,1,,,,
f7a7f8f0-b785-11f1-8a0c-e10022ff4b7c,4240948,Анна,,1,,,,
d2d18020-b783-11f1-aa18-ff8e935c8c52,4240938,Анна,,1,,,,
f5d1fae0-b74d-11f1-aa18-ff8e935c8c52,4240632,Елена,,1,,,,
20d40ee0-b749-11f1-aa18-ff8e935c8c52,4240587,Дмитрий Спиридонов,Парков,1,,,,
aeb79070-b748-11f1-aa18-ff8e935c8c52,4240579,Дмитрий Спиридонов,Парков,1,,,,
1632f980-b742-11f1-aa18-ff8e935c8c52,4240525,Дмитрий Спиридонов,Медитерранеан,1,,,,
d5a51a50-b706-11f1-93e0-6d2d12349d12,4240186,Ирина,,1,,,,
72b59ae0-b671-11f1-93e0-6d2d12349d12,4239583,Жанна,,1,,,,
ce3147f0-b66e-11f1-93e0-6d2d12349d12,4239555,Жанна,,1,,,,
c5df2ed0-b66b-11f1-93e0-6d2d12349d12,4239534,Жанна,,1,,,,
cdb18c40-b650-11f1-aa18-ff8e935c8c52,4239353,Елена,,1,,,,
f7027530-b648-11f1-8a0c-e10022ff4b7c,4239328,Ирина,София,1,,,,
80a9a580-b5ac-11f1-8a0c-e10022ff4b7c,4238672,Ирина,,1,,,,
ebf7a290-b572-11f1-93e0-6d2d12349d12,4238332,Елена,,1,,,,
4f04e1b0-b4e0-11f1-93e0-6d2d12349d12,4237937,Елена,,1,,,,
c026dae0-b4dd-11f1-8a0c-e10022ff4b7c,4237927,Елена,,1,,,,
03f10280-b4db-11f1-8a0c-e10022ff4b7c,4237915,Елена,,1,,,,
d91802b0-b4d1-11f1-8a0c-e10022ff4b7c,4237880,Елена,,1,,,,
c71afa60-b4cf-11f1-93e0-6d2d12349d12,4237852,Елена,,1,,,,
3cf60320-b3ee-11f1-9a81-f524b79d226b,4237316,Елена,,1,,,,
d66b4cd0-b35e-11f1-93e0-6d2d12349d12,4236866,Дмитрий Спиридонов,Медитерранеан,1,,,,
3298eaf0-b33f-11f1-93e0-6d2d12349d12,4236619,Дмитрий Спиридонов,София,1,,,,
5189c8b0-b33c-11f1-9a81-f524b79d226b,4236599,Дмитрий Спиридонов,Парков,1,,,,
78ea7830-b325-11f1-aa18-ff8e935c8c52,4236433,Елена,,1,,,,
d8e4ddf0-b2d2-11f1-93e0-6d2d12349d12,4236348,Елена,,1,,,,
ab410fe0-b27d-11f1-9a81-f524b79d226b,4235837,Елена,,1,,,,
d3ae0ea0-b20b-11f1-aa18-ff8e935c8c52,4235512,Елена,,1,,,,
50f85510-b1f2-11f1-9a81-f524b79d226b,4235414,Анна,,1,,,,
6e1cca80-b1df-11f1-aa18-ff8e935c8c52,4235309,Елена,,1,,,,
49166280-b1a5-11f1-93e0-6d2d12349d12,4234700,Елена,,1,,,,
a7a62840-b0f0-11f1-93e0-6d2d12349d12,4233832,Елена,,1,,,,
a5c80cb0-b0e0-11f1-9a81-f524b79d226b,4233706,Елена,,1,,,,
305a4060-b0e0-11f1-93e0-6d2d12349d12,4233698,Елена,,1,,,,
07b48c90-b0dd-11f1-9a81-f524b79d226b,4233665,Елена,,1,,,,
28be9280-b07b-11f1-aa18-ff8e935c8c52,4233419,Вероника,,1,,,,
d1d80550-b07a-11f1-aa18-ff8e935c8c52,4233414,Вероника,,1,,,,
c3b1e9b0-b038-11f1-9a81-f524b79d226b,4233038,Анастасия,,1,,,,
795faed0-adac-11f1-8ac4-ef875c0b0337,4230715,Юлия,,1,,,,
c2c1c5f0-ad1a-11f1-81ac-5b2d3dd78691,4230349,Дмитрий Спиридонов,,1,,,,
2ee3c4f0-ad1a-11f1-8ac4-ef875c0b0337,4230340,Дмитрий Спиридонов,,1,,,,
03ae5e30-ad1a-11f1-9c1a-db8dd9ac123b,4230338,Дмитрий Спиридонов,,1,,,,
78166500-acf3-11f1-9c1a-db8dd9ac123b,4230000,Юлия,,1,,,,
c3287e30-acf2-11f1-9c1a-db8dd9ac123b,4229992,Юлия,,1,,,,
fa4dd040-ac2f-11f1-81ac-5b2d3dd78691,4229156,Дмитрий Спиридонов,Каспиан,1,,,,
349b7da0-ac2c-11f1-8ac4-ef875c0b0337,4229112,Дмитрий Спиридонов,Медитерранеан,1,,,,
08b7ae70-ac2c-11f1-81ac-5b2d3dd78691,4229107,Дмитрий Спиридонов,Медитерранеан,1,,,,
180d2000-ab76-11f1-81ac-5b2d3dd78691,4228315,Дмитрий Спиридонов,Парков,1,,,,
0b9bb340-ab76-11f1-81ac-5b2d3dd78691,4228313,Александр,,1,,,,
f66036e0-ab75-11f1-9c1a-db8dd9ac123b,4228312,Александр,,1,,,,
8ef7c520-ab72-11f1-9c1a-db8dd9ac123b,4228274,Александр,,1,,,,
c4e3adc0-ab68-11f1-81ac-5b2d3dd78691,4228133,Александр,,1,,,,
b93ac690-aab7-11f1-8ac4-ef875c0b0337,4227316,Юлия,,1,,,,
0537dc00-aab7-11f1-8ac4-ef875c0b0337,4227303,Дмитрий Спиридонов,София,1,,,,
70a32aa0-aab5-11f1-8ac4-ef875c0b0337,4227284,Юлия,Парков,1,,,,
e8033cf0-aaa8-11f1-9c1a-db8dd9ac123b,4227140,Дмитрий Спиридонов,София,1,,,,
8b9fd7b0-aa9a-11f1-8ac4-ef875c0b0337,4227030,Елена Борискина,,1,,,,
eb139b30-a9ed-11f1-9c1a-db8dd9ac123b,4226468,Елена,,1,,,,
d2321380-a9e8-11f1-8ac4-ef875c0b0337,4226442,Елена,,1,,,,
41230340-a9e3-11f1-81ac-5b2d3dd78691,4226408,Елена,,1,,,,
5d3173e0-a917-11f1-8ac4-ef875c0b0337,4225794,Андрей,,1,,,,
cba451b0-a85b-11f1-8ac4-ef875c0b0337,4225182,Ирина Васильевна,София,1,,,,
c0d0d890-a7ce-11f1-9c1a-db8dd9ac123b,4224541,Вероника,,1,,,,
d8b69260-a797-11f1-81ac-5b2d3dd78691,4224230,Валерий,Штадт,1,,,,
83f095e0-a784-11f1-81ac-5b2d3dd78691,4224053,Валерий,Штадт,1,,,,
236ce3e0-a77f-11f1-81ac-5b2d3dd78691,4223999,Дмитрий Спиридонов,Штадт,1,,,,
079ea520-a6cd-11f1-a95a-63402701d4c9,4223169,Ирина Васильевна,София,1,,,,
7306e880-a6b5-11f1-9c1a-db8dd9ac123b,4222952,Дмитрий Спиридонов,,1,,,,
a8de4880-a5cb-11f1-9c1a-db8dd9ac123b,4221667,Вероника,,1,,,,
88953ac0-a53f-11f1-81ac-5b2d3dd78691,4221198,Дмитрий Спиридонов,Штадт,1,,,,
19caa670-a53f-11f1-a95a-63402701d4c9,4221194,Дмитрий Спиридонов,Штадт,1,,,,
997e0830-a526-11f1-81ac-5b2d3dd78691,4220956,Дмитрий Спиридонов,София,1,,,,
6c85e1e0-a46d-11f1-9c1a-db8dd9ac123b,4220361,Елена,,1,,,,
e1d66380-a08e-11f1-954d-23ed0b06d759,4216447,Рената,Каспиан,1,,,,
88d86800-a08e-11f1-aaf2-3b3f3469305e,4216440,Рената,Каспиан,1,,,,
137b7790-9fbd-11f1-aaf2-3b3f3469305e,4215391,Рената,Каспиан,1,,,,
2c628910-9fb8-11f1-b87f-d72a75202437,4215341,Рената,Каспиан,1,,,,
8800e3e0-9fb6-11f1-b87f-d72a75202437,4215316,Инна,,1,,,,
4fd88450-9fb6-11f1-aaf2-3b3f3469305e,4215315,Рената,Каспиан,1,,,,
f60b3220-9ec9-11f1-b87f-d72a75202437,4214295,Вероника,,1,,,,
c0695660-9ec9-11f1-954d-23ed0b06d759,4214293,Вероника,,1,,,,
5bf27ef0-9ec9-11f1-b87f-d72a75202437,4214289,Вероника,,1,,,,
30203bf0-9ec9-11f1-954d-23ed0b06d759,4214286,Вероника,,1,,,,
ec2a29b0-9ec8-11f1-aaf2-3b3f3469305e,4214282,Вероника,,1,,,,
e07a1120-9ec8-11f1-954d-23ed0b06d759,4214280,Вероника,,1,,,,
ab825810-9ec8-11f1-b87f-d72a75202437,4214278,Вероника,,1,,,,
2f868970-9ec8-11f1-aaf2-3b3f3469305e,4214275,Вероника,,1,,,,
262d18a0-9ea8-11f1-954d-23ed0b06d759,4214209,Елена,,1,,,,
08cf3e50-9ea8-11f1-954d-23ed0b06d759,4214208,Елена,,1,,,,
3028e6f0-9ea7-11f1-aaf2-3b3f3469305e,4214203,Елена,,1,,,,
d113ffd0-9ea4-11f1-aaf2-3b3f3469305e,4214196,Елена,,1,,,,
be270750-9ea4-11f1-954d-23ed0b06d759,4214195,Елена,,1,,,,
93132a40-9d4f-11f1-b87f-d72a75202437,4213064,Вероника,,1,,,,
bd5bed00-919c-11f1-aaf2-3b3f3469305e,4200178,Дмитрий Спиридонов,Каспиан,1,,,,
8fbd7580-919c-11f1-954d-23ed0b06d759,4200176,Дмитрий Спиридонов,Каспиан,1,,,,
0691e340-8f17-11f1-bb03-e160b852bcdb,4197318,Анастасия,,1,,,,
07b91ba0-8f0b-11f1-9e06-4dda8b151f60,4197210,Вероника,,1,,,,
9cb3e170-876f-11f1-86e8-8f5431bc91bb,4189910,Рената,Каспиан,1,,,,
33438160-7b9d-11f1-8820-15c0e8230b3c,4176776,Юлия,,1,,,,
c80636b0-7b95-11f1-979c-a5f5fd8ba07b,4176680,Светлана,Штадт,1,,,,
1ffcc010-7aa0-11f1-87c4-9902c9a5cd27,4175169,Ирина,,1,,,,
ef818dc0-7947-11f1-8ca8-25597c28b3bd,4173606,Светлана,Каспиан,1,,,,
bc00fb60-666f-11f1-9ae5-d964c5b7109a,4151983,Галина,,1,,,,
189202e0-c39d-11f1-be3e-159bbaa58dfa,4252920,Ирина,София,-2,,,,
47d49ad0-c358-11f1-8601-c18b4014f71a,4252836,Вероника,,-2,,,,
7e49ce00-a77e-11f1-9c1a-db8dd9ac123b,4223988,Валерий,Штадт,-3,,,,
e49a3ae0-82f4-11f1-9780-e106263b8a38,4185079,Анастасия,Каспиан,-5,,,,
87ed0590-829d-11f1-8f66-a1c7c2af34eb,4184794,Светлана,,-6,,,,
1798a030-9565-11f1-9f7d-39cbe578fc7f,4203767,Сергей,,-8,,,,
e117ab70-c1cc-11f1-be3e-159bbaa58dfa,4251038,Ирина,София,-9,,,,
91b7c3d0-8112-11f1-9780-e106263b8a38,4183091,Александр,,-11,,,,
c6f3ab90-ab74-11f1-81ac-5b2d3dd78691,4228296,Александр,,-13,,,,
982cb960-c20c-11f1-8601-c18b4014f71a,4251083,Ирина,,-14,,,,
2682e410-7f8b-11f1-805b-db179eb465a0,4181156,Ольга,,-14,,,,
56a57840-a2d3-11f1-81ac-5b2d3dd78691,4219112,Татьяна,,-15,,,,
7055b260-ab6f-11f1-8ac4-ef875c0b0337,4228240,Александр,,-18,,,,
7af6a340-a20b-11f1-81ac-5b2d3dd78691,4218144,Татьяна,,-18,,,,
466a4df0-a091-11f1-954d-23ed0b06d759,4216468,Рената,Каспиан,-18,,,,
e4a7dcc0-acf4-11f1-8ac4-ef875c0b0337,4230020,Юлия,,-20,,,,
c94bab90-8112-11f1-aa05-b7e2dae94fba,4183093,Александр,,-28,,,,
f6427ea0-c1cf-11f1-be3e-159bbaa58dfa,4251043,Ирина,,-32,,,,
f771c0e0-a093-11f1-954d-23ed0b06d759,4216490,Рената,Каспиан,-34,,,,
090919c0-c399-11f1-8601-c18b4014f71a,4252905,Ирина,,-39,,,,
f52dd2b0-82f7-11f1-9780-e106263b8a38,4185083,Анастасия,Каспиан,-40,,,,
0f83c650-9ea6-11f1-aaf2-3b3f3469305e,4214200,Елена,,-56,,,,
f1f5bbe0-a074-11f1-954d-23ed0b06d759,4216192,Ольга,Каспиан,-64,,,,
05e6b760-ab6c-11f1-81ac-5b2d3dd78691,4228177,Дмитрий Спиридонов,Парков,-77,,,,
30e8fbc0-8291-11f1-aa05-b7e2dae94fba,4184728,Светлана,,-80,,,,
d0b75f60-82a1-11f1-8f66-a1c7c2af34eb,4184816,Светлана,,-85,,,,
197a88a0-a073-11f1-954d-23ed0b06d759,4216185,Ольга,Каспиан,-86,,,,
c26e6b80-82f9-11f1-8f66-a1c7c2af34eb,4185085,Анастасия,Каспиан,-89,,,,
cc471090-a1e8-11f1-9c1a-db8dd9ac123b,4217859,Анна,Медитерранеан,-96,,,,
a264f2b0-8479-11f1-b337-6129be2a4475,4186604,Анастасия,,-97,,,,
9996acf0-810e-11f1-9780-e106263b8a38,4183055,Александр,,-108,,,,
05d89d30-a2d2-11f1-81ac-5b2d3dd78691,4219104,Татьяна,,-123,,,,
28e4d560-803a-11f1-b9ba-439cc3fcd283,4181906,Юлия,,-128,,,,
b5ef7d20-bd84-11f1-8601-c18b4014f71a,4246612,Елена,,-139,,,,
06aa8600-810e-11f1-8f66-a1c7c2af34eb,4183050,Александр,,-157,,,,
ad3c1500-a144-11f1-8990-6bc134735f82,4217229,Татьяна,,-192,,,,
300e48a0-8290-11f1-9780-e106263b8a38,4184726,Светлана,,-196,,,,
2ad2dca0-7d6f-11f1-979c-a5f5fd8ba07b,4178747,Вероника,,-315,,,,
fdbbd330-8114-11f1-aa05-b7e2dae94fba,4183119,Александр,,-365,,,,
67f19c40-847a-11f1-b1d0-252f154811f1,4186609,Анастасия,,-373,,,,
cbc81cc0-7d6e-11f1-979c-a5f5fd8ba07b,4178742,Вероника,,-393,,,,
eab98940-a166-11f1-8990-6bc134735f82,4217524,Анна,Медитерранеан,-459,,,,
2a556fc0-8113-11f1-8f66-a1c7c2af34eb,4183100,Александр,,-495,,,,
9ee9b190-ac2c-11f1-9c1a-db8dd9ac123b,4229119,Дмитрий Спиридонов,Медитерранеан,-610,,,,
bf0e3550-7d6e-11f1-979c-a5f5fd8ba07b,4178741,Вероника,,-651,,,,
6833f4f0-ad15-11f1-81ac-5b2d3dd78691,4230289,Екатерина,,-672,,,,
8c6a1ae0-7b9a-11f1-b79a-1107f7b3e483,4176730,Юлия,,-753,,,,
9f39a380-7b9e-11f1-8820-15c0e8230b3c,4176800,Юлия,,-879,,,,
f877a060-7d6e-11f1-b79a-1107f7b3e483,4178746,Вероника,,-894,,,,
6ce95390-810b-11f1-aa05-b7e2dae94fba,4183011,Александр,,-1042,,,,
1a369db0-9ea7-11f1-aaf2-3b3f3469305e,4214202,Елена,,-2357,,,,
129c20d0-541e-11f1-b0a3-2f17fb7a12d3,4129250,Анастасия,,-2787,,,,
ffbafdd0-7b9e-11f1-979c-a5f5fd8ba07b,4176807,Юлия,,-2976,,,,
55a26b40-8115-11f1-9780-e106263b8a38,4183123,Александр,,-4576,,,,
afd9d800-7d6e-11f1-979c-a5f5fd8ba07b,4178740,Вероника,,-16349,,,,
277c22f0-8111-11f1-aa05-b7e2dae94fba,4183083,Александр,,-26406,,,,
